id,name,type
53355,"Michaels, Shockley & Chamberlin LLP",professional services
38867,Interactive South Pacific,entertainment
31367,Federated Star Signal,groceries
13404,Systems East Electronics,professional services
51782,General South Systems,groceries
36206,Interactive Analysis Corporation,fuel
3808,Pacific Solutions Application Incorporated,professional services
9183,Virtual Provider,fuel
13437,"Mcgough, Bankston & Weatherford LLP",utilities
38890,Telecom Network Internet,utilities
58296,Network Medicine International,restaurants
13036,"Hickson, Sessions & Madrigal LLP",professional services
40498,Omega Source Incorporated,entertainment
48935,"Waldrop, Cutler & Parry LLP",groceries
60073,"Brinkley, Lafferty & Ponder LLP",entertainment
17604,Venture Pacific Design Group,restaurants
15901,Power Alpha LLC,professional services
25246,Resource LLC,utilities
45879,Data Advanced Star Incorporated,groceries
39439,"Slack, Rigsby & Friday LLP",entertainment
47986,Alpha Innovation People,restaurants
17840,Provider Net Contract,restaurants
19676,"Nation, Glynn & Maness LLP",restaurants
41368,Industries Research Hardware,utilities
57826,Adventure Universal Technology,utilities
8315,"Cecil, Stern & Pippin LLP",professional services
2246,"Howe, Flint & Drury LLP",groceries
47557,Software Analysis Industries,utilities
41020,Virtual West Source LLC,restaurants
57477,"Geiger, Hewitt & Barone LLP",groceries
21211,Interactive Inc,fuel
63720,"Binkley, Wylie & Dietrich LLP",entertainment
38391,Power Signal Omega,restaurants
3358,Construction Venture Building,entertainment
31315,"Kellum, Yates & Redmond LLP",groceries
17768,Graphics Agency,utilities
23889,Frontier Direct Future,utilities
64466,Solutions Digital Design,groceries
4649,Bell Group,utilities
50257,"Blackwood, Pritchett & Langdon LLP",restaurants
53950,Vision General Agency,groceries
50628,Omega Future Net Industries,entertainment
42748,"Mackenzie, Weiss & Shuler LLP",utilities
11420,People Limited,professional services
35906,"Sewell, Wentz & Melancon LLP",professional services
4360,Adventure East Network,groceries
48476,People Provider North Organization,utilities
22074,Galaxy Federated International,utilities
50423,"Tribble, Dubois & Antoine LLP",restaurants
35473,Electronics Federated Internet Organization,restaurants
32523,"Sawyers, Morrison & Mayers LLP",professional services
38026,Vision Federated Incorporated,utilities
8823,Virtual Federated Organization,entertainment
41416,Frontier Signal,professional services
24646,Future Organization,restaurants
56679,Software Star Solutions,restaurants
7378,"Duggan, Hargis & Valencia LLP",fuel
64785,Federated Inc,entertainment
14901,Federated Software Corporation,fuel
3013,Virtual Resource,fuel
13833,"Bouchard, Ferro & Keegan LLP",entertainment
7824,"Nutt, Pollock & Nagel LLP",fuel
2700,"Thayer, Phifer & Hawk LLP",utilities
25074,Studio Alpha Provider,professional services
20081,"Griffith, Ramsey & Denman LLP",fuel
48745,Network Application Max,utilities
8199,Hill Star LLC,groceries
18984,Pacific Digital Agency,entertainment
17109,Contract Virtual Solutions,entertainment
24422,Vision Hill,entertainment
37802,Direct Net Digital,fuel
47881,Frontier Galaxy,professional services
5157,Vision Signal Digital,professional services
43578,"Daly, Passmore & Spurlock LLP",professional services
19989,Contract Star North,professional services
38842,Medicine Organization,utilities
34359,Systems Hill Electronics,professional services
13261,Building West Agency,entertainment
33018,Consulting Solutions East,professional services
53147,Graphics Star Technology,groceries
23483,North Organization,entertainment
30449,"Hacker, Donald & Otero LLP",groceries
19813,"Colbert, Beeler & Littleton LLP",professional services
30303,Interactive Innovation Corporation,groceries
2567,Net Co,entertainment
25062,"Goldman, Simpson & Hare LLP",professional services
32737,Pacific North Agency,groceries
45550,"Billiot, Cantwell & Rush LLP",restaurants
6432,"Glass, Allman & Hadden LLP",entertainment
48128,"Schafer, Rosa & Lentz LLP",restaurants
61106,"Poore, Goodwin & Sawyer LLP",professional services
42901,Electronics Star Consulting,restaurants
38963,Building Data Federated,fuel
26985,Technology People Star Organization,professional services
35571,Studio Consulting Direct LLC,utilities
6699,"Prather, Coy & Moffitt LLP",utilities
63207,Solutions International,fuel
40164,Solutions Data Industries,restaurants
50027,"Louis, Mireles & Burnett LLP",entertainment
58634,Innovation Bell Omega,groceries
27996,Virtual Adventure Power Industries,groceries
14396,"Bergstrom, Stockton & Bradley LLP",utilities
37821,"Weaver, Hoffman & Whittington LLP",groceries
369,"Book, Smoot & Ricker LLP",entertainment
898,Design Provider Digital,utilities
20065,Electronic Adventure LLC,professional services
22352,"Jordan, Morrell & Hardman LLP",entertainment
34890,Contract Building Electronic Industries,utilities
47685,Industries Federated North,entertainment
17385,"Sousa, Doe & Bounds LLP",utilities
53601,Architecture Galaxy Net,restaurants
48212,Contract LLC,restaurants
46639,Technology Studio Provider,professional services
43503,Research Alpha Net,groceries
32196,Atlantic LLC,professional services
54073,Advanced Innovation,restaurants
52731,Omega Organization,professional services
16118,Vision Galaxy Interactive,fuel
57155,"Cho, Finney & Loomis LLP",groceries
63887,Vision Net Inc,entertainment
49664,"Allan, Fredrick & Whittaker LLP",groceries
21997,"Webster, Denney & Knoll LLP",fuel
45552,People Power Interactive Corporation,utilities
18449,Innovation LLC,utilities
26170,Atlantic Application Design Industries,fuel
62078,Star Frontier Digital Agency,restaurants
46505,Hill Power,professional services
34565,"Gerber, Fagan & Dobson LLP",fuel
26593,Star Research Advanced,fuel
23852,Contract North Industries,utilities
26714,Signal Atlantic Internet LLC,professional services
60578,Signal East Construction,professional services
60205,"Correia, Wisniewski & Marrero LLP",entertainment
7173,West Medicine Interactive,fuel
30176,"Townsend, Corcoran & Flanagan LLP",groceries
22558,"Bloom, Walton & Heckman LLP",groceries
19927,Advanced Application Industries,groceries
64636,Architecture Research Limited,utilities
55114,Digital Frontier Federated,entertainment
39174,"Everhart, Sotelo & Dees LLP",restaurants
8178,Data Solutions,professional services
41473,People Research Interactive Corporation,entertainment
36527,Hill Digital South,restaurants
31354,Solutions Frontier Software Agency,professional services
59195,Vision Building,groceries
38576,Network East LLC,fuel
23442,Architecture East Source,fuel
20240,"Stoner, Krieger & Bermudez LLP",professional services
35373,Solutions Future International,restaurants
48781,Analysis Graphics Signal LLC,fuel
57002,"Calvin, Roden & Stock LLP",restaurants
35833,Technology Group,fuel
14521,"Tolbert, Florez & Nance LLP",fuel
51089,Universal Galaxy,groceries
13912,Solutions Alpha Universal Corporation,professional services
30512,South Signal Provider,fuel
62587,"Gruber, Albers & Osteen LLP",professional services
28487,"Caudle, Dobbs & Albers LLP",entertainment
46267,Vision Data Virtual Group,groceries
61326,Alpha West Agency,fuel
7085,Solutions International,utilities
18515,Advanced West Venture,professional services
6168,Future Adventure Solutions,fuel
34160,"Medlock, Shapiro & Browder LLP",restaurants
44211,Vision LLC,entertainment
39472,"Cable, Hitchcock & Gragg LLP",groceries
38945,Virtual Bell Telecom,restaurants
41392,Consulting North Inc,fuel
12599,Industries Inc,fuel
58032,Architecture Design,professional services
13398,"Dumas, Gaddy & Harlan LLP",professional services
58127,"Hutchison, Blunt & Sun LLP",restaurants
21355,Contract Agency,utilities
30611,Pacific North,utilities
47991,"Alderman, Furman & Schafer LLP",fuel
52572,"Connell, Mccord & Mcrae LLP",fuel
35917,Medicine Telecom Analysis,utilities
27550,"Grantham, Hoke & Robins LLP",entertainment
31534,"Guillen, Weston & Kaiser LLP",entertainment
60430,People Telecom Organization,utilities
17497,"Mullen, Greenfield & Kidd LLP",fuel
55440,Electronics Future,utilities
48429,Interactive Hardware Corporation,utilities
18871,"Henry, Matson & Batchelor LLP",restaurants
18438,"Swain, Snowden & Delarosa LLP",entertainment
16467,Analysis Agency,restaurants
39882,Provider Electronics Architecture International,fuel
61594,"Mcknight, Houser & Hunt LLP",groceries
51521,"Diehl, Rawls & Burbank LLP",groceries
56417,"Pearsall, Spearman & Heath LLP",professional services
41720,"Musgrove, Dean & Straub LLP",fuel
17631,"Bennett, Lima & Cromwell LLP",professional services
2655,Resource Federated Electronics,groceries
44411,"Mcnutt, Coleman & Burt LLP",professional services
24477,Contract Pacific Net,utilities
4177,Universal Pacific Limited,groceries
45908,"Friday, Marquez & Mace LLP",groceries
26509,Construction Group,fuel
35583,"Michaud, Mccormack & Tellez LLP",entertainment
43052,"Miner, Rowan & Nance LLP",groceries
36203,Studio Max Net,restaurants
21786,Solutions Max Industries,professional services
25811,"Nagel, Fortin & Cavanaugh LLP",entertainment
26889,"Easton, Irwin & Smithson LLP",entertainment
23446,Innovation Electronic Incorporated,restaurants
38267,"Hoff, Flint & Culp LLP",groceries
16445,"Allen, Lorenz & Vega LLP",restaurants
17704,Architecture Group,fuel
59485,"Poole, Richmond & Harwood LLP",groceries
31251,Max West Galaxy,restaurants
7806,Omega Frontier Digital,fuel
20642,Consulting East Solutions,utilities
54851,Industries Architecture Co,utilities
53605,Internet Star,entertainment
37478,Internet East Industries,utilities
8300,"Brenner, Polk & Urban LLP",restaurants
17346,"Esquivel, Frick & Sheridan LLP",restaurants
47047,Adventure East Future Group,restaurants
53034,"Harrison, Longo & Shifflett LLP",groceries
45479,"Dias, Anglin & Dahl LLP",fuel
54663,"Hallman, Thiel & Hilton LLP",fuel
22892,Network Net North,restaurants
2892,Advanced People North,professional services
8600,"Gagne, Fish & Bumgarner LLP",utilities
63899,Federated Agency,groceries
54004,"Smiley, Blum & Gil LLP",groceries
1302,"Tuck, Paradis & Flint LLP",groceries
2143,"Fishman, Scarborough & Feliciano LLP",utilities
26499,"Shaw, Costello & Rife LLP",restaurants
31174,Telecom Industries,entertainment
32055,"Labbe, Shaw & Andres LLP",professional services
33762,"Kincaid, Bynum & Moran LLP",restaurants
19612,"Soria, Beaver & Huber LLP",fuel
34169,"Stearns, Quillen & Guillen LLP",entertainment
1216,Design Analysis Solutions LLC,groceries
34452,Graphics Group,entertainment
35771,"Reiss, Ibarra & Lanham LLP",professional services
30440,Building Consulting Vision,utilities
40633,Building Speed Co,fuel
53872,"Davis, Woods & Culpepper LLP",fuel
62575,Building Limited,entertainment
60192,"Waterman, Zavala & Hofmann LLP",restaurants
13649,"Hendrickson, Kitchens & Carver LLP",fuel
2573,People General Network Agency,fuel
58836,Bell Resource Federated Group,restaurants
25152,Alpha Alpha,entertainment
50349,People Resource Electronic,restaurants
46407,Technology Direct Direct,utilities
46129,Graphics Group,professional services
12106,Contract Bell Industries,utilities
66,ClubAita,entertainment
67,HookandChips,restaurants
78,Electric Generalment,utilities
12787,Contract Max Future Group,paper_company
5065,People Source Venture,oil_company
58692,Star Electronic,tech_company
41679,Data Digital Speed,pharma_company
36202,Studio Industries Innovation,oil_company
53954,"Owens, Valadez & Penny LLP",tech_company
31239,Architecture Medicine LLC,paper_company
11809,"Trevino, Henry & Noriega LLP",paper_company
35567,Systems Hardware Direct,oil_company
46160,"Bayne, Low & Diamond LLP",oil_company
42475,"Trask, Parnell & Greco LLP",paper_company
24640,Industries Star Organization,oil_company
8782,Power Technology Incorporated,pharma_company
64594,Vision Direct Inc,finance_company
2653,Technology Solutions Group,oil_company
7541,"Buckley, Mull & Oconnell LLP",construction_company
14063,Speed Network Solutions Group,finance_company
31810,Vision Construction Analysis,paper_company
57564,Network Interactive Construction,pharma_company
33858,Technology Organization,pharma_company
33679,Star North Application Industries,oil_company
40797,Universal Universal,construction_company
31749,Systems Signal,paper_company
21558,Virtual Medicine,tech_company
20932,People South Systems,tech_company
46076,Internet Consulting Co,construction_company
30844,Source Alpha Vision,construction_company
36964,Bell International,pharma_company
61390,"Odum, Bain & Childers LLP",finance_company
13307,"Lancaster, Bogan & Fredericks LLP",construction_company
14302,"Kimbrell, Corrigan & Deaton LLP",construction_company
15135,Vision Atlantic,oil_company
22335,"Mancini, Dubois & Grey LLP",construction_company
6253,Digital East,pharma_company
4514,Max Digital Group,tech_company
6045,Future Building Co,pharma_company
27098,Power Hill Systems International,oil_company
14102,Internet Alpha Signal Agency,pharma_company
14731,Net Frontier Industries,oil_company
52436,Provider Future Solutions Co,paper_company
190,"Melvin, Kirchner & Clancy LLP",oil_company
11763,"Frazer, Foster & Frederick LLP",paper_company
50989,Network Technology Galaxy,construction_company
55777,Solutions Building Virtual,tech_company
19456,Net Research Signal,tech_company
41144,"Mello, Ragsdale & Short LLP",paper_company
10019,Design Atlantic Internet,tech_company
13471,Future People Limited,oil_company
9930,"Mercer, Hurst & Sigmon LLP",construction_company
42326,"Hadley, Kidwell & Abrams LLP",tech_company
6044,East Incorporated,tech_company
60179,"Driver, Hilton & Coppola LLP",construction_company
21662,"Fogarty, Barham & Steinberg LLP",pharma_company
3245,"Tuggle, Dwyer & David LLP",oil_company
7243,"Antonio, Odell & Amundson LLP",pharma_company
24909,Source Alpha,tech_company
64119,Signal Vision Studio Organization,oil_company
37915,"Beaudoin, Colson & Brody LLP",finance_company
17889,Contract Vision General,pharma_company
35376,Max General Source,oil_company
64943,Advanced Corporation,paper_company
17411,"Mccoy, Theriot & Harley LLP",construction_company
41481,"Woo, Huffman & Hanks LLP",finance_company
36729,Industries Electronics Architecture Incorporated,construction_company
44928,Contract Building,construction_company
18693,Bell Graphics Medicine Incorporated,tech_company
4577,Application International,construction_company
25495,"Vaught, White & Hardesty LLP",tech_company
47323,Power LLC,tech_company
35939,"Mcclary, Enriquez & Kahn LLP",pharma_company
24396,Atlantic Omega Federated Industries,tech_company
38836,East LLC,tech_company
31587,Industries Telecom,pharma_company
24813,Analysis Graphics Interactive,paper_company
42363,Contract Net Universal LLC,oil_company
53416,Electronics Galaxy Research Organization,construction_company
17884,North People Corporation,paper_company
35924,South Agency,finance_company
41588,Venture LLC,pharma_company
44949,People West,pharma_company
10565,Signal Star Atlantic Organization,construction_company
27615,"August, Golden & Upton LLP",construction_company
23273,People Hill Inc,finance_company
52296,"Salley, Olson & Justice LLP",finance_company
11854,"Cobbs, Newman & Weatherford LLP",oil_company
9180,"Keating, Greiner & Mcculloch LLP",finance_company
30982,Electronic Alpha Agency,paper_company
11902,Star Virtual,pharma_company
20737,Building Pacific Net,construction_company
54562,Analysis Analysis,paper_company
7412,"Landon, Vines & Eaves LLP",tech_company
20959,West Consulting Future,paper_company
38137,Provider Vision,paper_company
57456,"Villarreal, Wells & Sims LLP",pharma_company
40776,Bell Co,paper_company
59797,"Jarman, Mckeown & Florence LLP",paper_company
1309,"Worthington, Roark & Miranda LLP",finance_company
52199,Galaxy North Network,oil_company
32702,Adventure Star International,paper_company
10117,"Dominquez, Pellegrino & Clay LLP",oil_company
4622,"Hogg, Grubbs & Best LLP",construction_company
26434,Analysis Systems,construction_company
9098,Digital Architecture Omega,pharma_company
32795,Internet Industries Organization,tech_company
41657,Network Direct International,pharma_company
55550,"Stokes, Cutler & Buckley LLP",finance_company
13964,East West Pacific,construction_company
56625,Venture Graphics,pharma_company
46868,"Hankins, Burkholder & Grayson LLP",oil_company
8770,"Pennell, Rock & Pulley LLP",construction_company
52721,"Levin, Keating & Saxon LLP",oil_company
440,"Caraway, Hummel & Rickman LLP",tech_company
21830,"Fletcher, Creighton & Kincaid LLP",finance_company
55180,"Olivares, Welker & Pittman LLP",construction_company
38976,"Tilley, Jerome & Camacho LLP",tech_company
13256,Universal Solutions International,pharma_company
54505,Hardware Construction Resource,pharma_company
6857,Direct People Alpha Incorporated,pharma_company
38814,General Innovation Inc,finance_company
23707,Telecom Net,oil_company
61003,Atlantic Research Application,pharma_company
58417,General Signal Star,paper_company
10280,"Rains, Antoine & Caban LLP",tech_company
5995,Technology Systems Limited,finance_company
18463,"Wilt, Markham & Mccrory LLP",paper_company
30682,"Rau, Haley & Arthur LLP",pharma_company
30304,"Hendrickson, Abraham & Tubbs LLP",finance_company
10127,"Swan, Villagomez & Danielson LLP",tech_company
4411,"Worth, Mize & Henson LLP",oil_company
50150,Architecture Medicine Network,paper_company
34747,Pacific Adventure Vision,oil_company
38091,Hill Network Group,pharma_company
8756,Studio Adventure Interactive International,tech_company
63655,Design Medicine Federated,tech_company
56620,"Tejeda, Lorenzo & Vanwinkle LLP",construction_company
38076,Systems Research Architecture,pharma_company
45815,Architecture Medicine Contract,tech_company
55839,"Butcher, Wyatt & Kerns LLP",pharma_company
20881,People Medicine Signal,paper_company
31973,East Technology Consulting,finance_company
702,Net International,paper_company
63816,Industries Frontier Digital Industries,finance_company
30133,Omega Direct Venture Incorporated,paper_company
63983,"Hetrick, Metzger & Foley LLP",paper_company
29480,Universal Net Design,oil_company
9963,"Reyna, Smith & Mccue LLP",tech_company
62490,South Speed Limited,finance_company
11865,Medicine Future Group,pharma_company
46188,"Wing, Whatley & Holland LLP",oil_company
