Company_Name,Customer_Name_Business,Customer_Name_Business_Sole_Trader,UK_Taxpayer_Reference_UTR_Number
Smith-Kent,Leonard and Sons,Amanda Barker,223147708
"Dennis, Turner and Jones",Hughes-Watkins,Martin Thompson,9246159175
"Cooke, Smith and Brown",Rowe-Harding,Katie O'Neill,5660700374
Graham and Sons,"Jackson, Clark and Miller",Mary Byrne,963444573
Riley-Grant,Shepherd Ltd,Jeremy Parkin,1285413297
Miller-Jones,Cook Group,Josh James,4207679392
Kaur-Harris,Stevens Ltd,Carly Morgan,95924950
Dean PLC,Bell-Thompson,Luke Lewis,1738750841
Morris-Williams,Rose-Graham,Debra Gray,3872411963
Fraser LLC,"Williams, Khan and Begum",Kim Bibi,9081035761
"Marsden, Baker and Graham",Evans Group,Julian Duffy,3453375341
Hamilton Group,Page-Chapman,Linda Harris,4232125892
"Cameron, Rice and Hall",Sharp PLC,Geraldine Williams,6246115016
Byrne-Miller,"Foster, Bradley and Gregory",Timothy Burton,5676217058
Oliver-Brennan,Jackson-Williams,Sheila Simpson,9791509721
Wilson-Miles,"Anderson, Stanley and Carr",Jill Charlton,7640023494
McCarthy and Sons,Anderson Ltd,Antony Barber,9606810501
Green-Bruce,"Jones, Lawson and Gray",Michelle Goodwin,790043840
Harris PLC,Robinson LLC,Mitchell Byrne,7753798955
"White, Brown and Blake",Watkins-O'Brien,Georgina Burke,5160576490
Williams-Atkinson,"Matthews, Kaur and Parker",Neil Webb,1060712271
Walters-Randall,Moore-Gregory,Beverley Cooper,4620412912
"Stewart, Baldwin and Walker",Jackson and Sons,Brandon Thompson,3886088424
"Boyle, Williams and Williams",Bailey-Williams,Benjamin Richardson,5956395254
Phillips-Edwards,Moore PLC,Garry Begum,8611376907
Webb-Allen,Parry and Sons,Julie Whitehouse,4148815037
Cole-Campbell,Woods LLC,Emily Harrison,2820140969
Archer Inc,"Taylor, Wilson and Smith",Abigail Burton,5738544572
"Murray, Rice and Hill",Griffin and Sons,Declan Parry,4819942948
Carr-Coates,Wilson and Sons,Marilyn Arnold,1867472006
"Johnson, Flynn and Gray",Ball Inc,Barry Clarke,4752637323
Harris-Higgins,"Wright, Evans and Khan",Mitchell Rogers,3144546933
Lambert-Carr,Wilkinson Inc,Clive Doherty,8084982831
Simpson-Franklin,Thomas Inc,Suzanne Connor,1122810152
"Lewis, Ferguson and Randall","Knight, King and Reed",Georgina Taylor,218722160
Charlton LLC,"Jones, Day and Porter",Barbara Barber,7707626160
Begum Group,Morgan-Macdonald,Bradley Fox,1247650509
"Turner, Taylor and King","Harvey, Baker and Gordon",Neil Roberts,2986310356
"Scott, Smith and Hall",Green PLC,Joel Jones,7088627083
"Black, Graham and Hall","O'Brien, Miller and Jackson",Abdul Porter,490619128
Brooks and Sons,"Morgan, Davies and Peacock",Linda Jones,2168556072
Miles-Fraser,Taylor-Smith,Maria Bell,8424617427
Morley LLC,Reynolds PLC,Debra Walsh,2613099438
Brady and Sons,"Berry, Oliver and Smith",Karl Mellor,5899407392
"Houghton, Holden and Russell",Wilkinson-Davies,Amanda Matthews,3987058343
Richards-Hussain,Carter-Chadwick,Lawrence Lawrence,604187109
"Taylor, Cook and Todd",Wells and Sons,Marion Berry,9884426392
"Williams, Baker and Morris",Elliott LLC,Amy Jones,8268097485
Nolan and Sons,"Robinson, Rhodes and Stewart",Eric Brown,1717698529
"Nicholls, Gregory and Wood","Farmer, Stone and Sullivan",Joan Roberts,4955247754
Smith-Smith,"Jackson, Jones and Higgins",Ashley Jenkins,4697372469
"Martin, Spencer and Storey","Smith, Norton and Khan",Antony Rees,2301853181
Cox Group,Gardner Group,Hilary Slater,4937161618
"Sharp, Hill and Wright","Kelly, Evans and Connor",Timothy Baker,1299702223
Williams-Lawson,Shepherd-George,Marion Rice,9070484467
Baldwin and Sons,Bishop-Dickinson,Richard Fisher,2547082205
"Bishop, Ellis and Howard",Potter PLC,Bradley Middleton,4602218130
"Walters, O'Connor and Short","Thornton, Williams and Shaw",Jodie Fletcher,7129688001
"Taylor, Carter and Barker","Baker, Barrett and Thomson",Gail Johnson,1515588347
"Riley, Jones and Woods",Doyle Inc,Sarah Davies,8977508121
"Williams, Shepherd and Kay","Wyatt, Bennett and Richards",Guy Lyons,6484619602
"Davies, Jennings and Boyle",Butler LLC,Hilary Weston,3336051398
"Jones, Lewis and Scott","Middleton, Watson and Ellis",Allan Foster,6649984620
"White, Savage and Rogers",Gray and Sons,Eleanor King,9555073856
"Taylor, Hill and Roberts",Richards-Edwards,Chloe Payne,8169107867
Arnold-Barker,"Simpson, Jones and Sinclair",Jodie Holmes,4182282862
Phillips-Lee,Kelly and Sons,Christian Murray,1984534017
"Evans, Robertson and Reynolds","Cox, Hamilton and Green",Rebecca Lambert,5191478304
Bailey Inc,"George, Black and Price",Gail Wood,1853659160
Taylor-Richards,"Birch, Smith and Brown",Dennis Pearce,9066123536
Allen-Hudson,Long-Potter,Holly Robinson,1891899896
Phillips and Sons,King-Horton,Conor Whittaker,4005752747
Smith PLC,"Singh, Miles and Bennett",Steven Smith,1482964803
Page-Hughes,Matthews-Webb,Julia Chandler,9005239356
"Burrows, Wall and Burrows",Dobson-Smith,Laura Griffin,1444447596
"Allen, Walker and Hall",Lee LLC,Fiona Austin,1258070026
Brown-Osborne,Thomson-Robertson,Gemma Walker,8778676074
Morley-Bradley,"Flynn, Lawson and Wilson",Callum Harrison,9117683331
"Allen, Andrews and Davis",Hill-Rose,Marilyn Henderson,2880994214
Jackson-Thompson,"Williams, Parker and Taylor",Bethany Walker,7679485725
"Williams, Pearce and Smith",Johnson Inc,Angela Manning,4957145258
Brown Inc,Jones-Reid,Joanna Smith,1225346122
Lee PLC,Bowen Inc,Dean Roberts,6969217152
Davies Ltd,O'Neill and Sons,Diana Fisher,1005768960
Carter-Webster,Phillips and Sons,Jemma Burns,5391955380
Davison PLC,"Ahmed, Roberts and Harrison",Robin Norris,6448791686
Ward LLC,Fry Inc,Shannon Evans,6727941351
Robinson-Clark,Law Group,John Duffy,7621515770
"Harper, Thompson and Ahmed","Rose, Stevenson and Brown",Iain Greenwood,178863470
"Kirby, Smith and Taylor",Lloyd-Davies,Leah Lambert,3232922844
Kerr LLC,Field-Rowley,Hollie Murphy,3601011721
"Spencer, Coates and Lewis","Chapman, Smith and Morley",Jodie Fox,1709282776
Coates-Knowles,Rowley-Hill,Georgia Barker,3046757996
Knight-Evans,"Smith, Jackson and Smith",Craig Holt,7454846287
Kelly LLC,Brown Group,Hilary Booth,8585028858
"Stewart, Robertson and Gallagher",Nash-Robinson,Bethan Smith,5406814173
Williamson Group,"Archer, Armstrong and McDonald",Eric Webb,6904065714
"Farmer, Andrews and Parkes","Dunn, Pearson and Singh",Suzanne White,1347702989
Gardner-Stone,Wallis Group,Patrick Morris,3173564901
Patel Group,"Finch, Parker and Parkinson",Irene Holden,1556639380
Murphy-Clark,"Graham, Reed and Randall",Nicholas Thomas,3528514966
Roberts-Hall,"Fleming, Davies and Edwards",Darren Lewis,2253518092
Blake and Sons,Turner and Sons,Gavin Jackson,1506221850
Lewis-Austin,Shaw-Roberts,Douglas Butler,8434502652
Alexander-Collins,Singh and Sons,Joel Williams,2868890298
"Bennett, Chapman and Gilbert","Burrows, Young and Taylor",Frank Cooper,9698307162
Miller Ltd,Cook Ltd,Joe Murphy,5131463319
"Jones, Wright and Hughes",Holmes LLC,Sheila Johnston,7379763224
Harper-James,Duncan Group,Jake Taylor,9101528827
Lewis-Barnes,Marsh-Quinn,Raymond Jones,4980902099
Butler-Harvey,Berry-Smith,Jill Moore,1738782547
Tyler PLC,Wilson-Smith,Wendy Lee,5618994981
Richardson-Robinson,Simpson Inc,Debra Davis,9578701200
Bennett PLC,Myers-Clark,Joanna Robinson,2699766735
Hodgson Ltd,"Williams, Jones and Richardson",Kerry Williams,6371248687
"Nicholls, Murray and Cook","Griffiths, Barker and Davey",Mary Hartley,7614423634
"Smith, Hayes and Gray",Farrell-Baker,Ian Williams,8225259516
Mason Group,"Richards, Lewis and Robson",Ben Scott,2228820292
"Quinn, Spencer and Price","Kennedy, Carr and Iqbal",Elaine Wood,7004186096
Hobbs-Smith,Brown PLC,Alexander Howells,4996606047
Sharp Group,Green-Power,Sian Dickinson,8988078997
Clarke PLC,Miah-Brown,Kathryn Ball,7783976793
Weston-Kerr,"Patel, Whitehouse and Cooper",Jasmine Stevens,1350675400
Whitehead-Murray,Begum-Evans,Denise Noble,2874347583
"Thorpe, Brown and Hall","Jones, Jones and Martin",Jake White,3532533019
"Banks, Duffy and Evans",Wilkinson LLC,Holly Brown,3518497008
"Williams, Williams and Wade",Lees PLC,Tom Hall,1265561954
Hudson PLC,Perry-Ross,Jade Hawkins,8690007414
Thompson Ltd,Stephens Group,Stacey Powell,1326901523
"Hyde, Singh and Patel",Sullivan Ltd,Joel Wells,8438742875
"Abbott, Edwards and Ellis","Gough, Fowler and Wright",Daniel Lawrence,2459563199
Hartley-Lewis,Ryan-Turner,Guy Barton,1166469111
Newman PLC,Hughes-Reeves,Elliott Howell,7803046265
Farmer-Mellor,Johnson-Williams,Heather Cook,1280192758
"Harding, Brown and Preston",Patterson Group,Mathew Gibson,946486435
"Bell, Sheppard and Parker",Phillips-Gray,Christopher Jones,9687583184
Tucker LLC,Spencer Ltd,Sally Richards,6220314956
Davies-Moore,"Stephenson, Fitzgerald and Robinson",Declan Stevens,1341024155
Gibson LLC,Davies-Simpson,Raymond Simpson,9853841157
James-Allen,Barton PLC,Joan Morley,8481040964
Williams and Sons,Taylor Inc,Benjamin Murphy,5822777438
Cole-Coleman,"Thornton, Dawson and Bird",Oliver Evans,6381286987
Barrett-Jones,Bibi PLC,Glenn Watts,8368210347
Jackson-Burrows,Daniels-Wallace,Harriet Woods,5407858890
"Saunders, Moore and Townsend",Green Ltd,Leigh Mahmood,3868224114
Baker-Watson,"Hughes, Bishop and Morris",Nicole Young,3180225718
Curtis Ltd,Fraser-Walsh,Guy Reynolds,5854917482
"Welch, Wilson and Doyle","Foster, Powell and Lawson",Fiona Jones,526499409
Brown-Lord,Williams-Williams,Garry Fraser,601998249
Saunders PLC,Potts-Williams,David Martin,2233207670
"Edwards, Wood and Thomas",Green PLC,Eric Patel,2558579739
"Gardiner, Baker and Green",Coleman Inc,Carole Kirk,5975329045
Johnson-Marsden,"Ball, Gilbert and Mills",Tina Turnbull,7510472358
"Shaw, Cook and Iqbal",Lee-Smith,Nathan Hargreaves,9949570782
Woodward-White,"Reynolds, Richards and Townsend",Edward Smith,8338030552
Reeves-Richardson,Hopkins Ltd,Ruth Randall,5353601359
Chan Inc,"Newman, Harris and Black",Jayne Pope,5046053890
"Jones, Marshall and Evans",Jones-Franklin,Eric Holmes,9546872505
"Naylor, Holden and Bibi","Taylor, Sutton and Wood",Ronald Shaw,7560997948
"Wallace, Miller and Mitchell","Taylor, Crawford and Giles",Elliott Wright,529762230
Rogers PLC,Edwards PLC,Tracy Thompson,8861155550
"Robson, Clark and Jones","Bishop, Douglas and Chapman",George Poole,4224348557
Fox-Bennett,"O'Brien, Thomas and Saunders",Adam Johnson,8036915999
"Barton, Clarke and Moore","Rees, Bryan and Williams",Irene Richards,1498752778
Hughes LLC,Richardson-Mitchell,Francesca Woodward,8896681226
Ward-Turner,Davies Ltd,Angela Wallace,3273086390
"Willis, Clarke and Price",Roberts-Gregory,Raymond Clarke,541660528
Patterson-Owen,"Brown, Evans and Roberts",Michael Burke,3303827542
"Green, Wilkins and Smith","Smith, George and Taylor",Pamela Morgan,2693454586
"Nash, Walker and Thompson",Cartwright-Shaw,Alexandra Howard,3667170740
O'Donnell Inc,Kelly-Forster,Emma Preston,7554014273
Jordan PLC,Ross-Lee,Wayne Burrows,1388011742
"Rice, Jones and Allen",Watson-Clarke,Louise Butcher,1071898094
Hancock-Phillips,Hill Ltd,Josephine Smith,9727427481
Warner LLC,Bibi Inc,Bethany Jarvis,3561658085
Ashton-Thomas,Pugh-Booth,Graeme Price,1237377980
Mitchell-McCarthy,Harris-Connor,Carol Jones,9703835676
Long and Sons,Hughes Group,Malcolm Hancock,6801855604
"Thomas, George and Bentley",Ali-Jones,Josh Clarke,5459537730
McDonald and Sons,"Bradley, Frost and Hughes",Jeremy Hopkins,4587307074
"Lowe, Thompson and Pearson",Walker PLC,Katherine West,5076385433
Hartley-Foster,"Black, Stevens and Sutton",Clifford Hunt,2757343681
Graham Ltd,Matthews and Sons,Leah Taylor,3021471278
Kennedy-Sharp,Gardner-Warren,Martin McCarthy,5957912369
Potter-Briggs,Gardiner Inc,Rebecca Stone,4920714330
Smith-O'Neill,"Forster, Johnson and Lawrence",Jessica Slater,6359435439
"Watson, Sharp and Ross",Barnes LLC,Samantha Brookes,8935871540
Craig-Hawkins,"Williams, Perkins and Mason",Carolyn King,5779291389
Williams Inc,Jackson-Slater,Sean Coleman,7585284612
Wood-Riley,Khan LLC,Hugh Clark,4675956187
Hill and Sons,Day-Singh,Francis Davies,6553310498
Singh Group,Lewis-White,Kirsty Davis,3418327579
"Barker, Jones and Robinson",McCarthy-Ward,Nicholas Cooke,8029005842
"Taylor, Cole and Baldwin",Holmes Ltd,Declan Gough,465591995
"Thompson, Harris and Cameron","Gilbert, Barton and Rowley",Stewart Baker,8613560011
Green LLC,"Miller, Noble and Smith",Barry Hill,688597819
Brennan-Brown,Burton-Ali,Caroline Freeman,2110461967
Ingram Ltd,Bibi Ltd,Abdul Fry,2676912795
"Goddard, Jones and Hart","Bevan, Turnbull and Yates",Kathleen Fisher,1425939504
"Webster, Thompson and Farrell",Miller-Reed,Benjamin Steele,1331346932
"Davies, Summers and Jackson","Watson, Shaw and Edwards",Abdul Harvey,2645346753
"Price, Carroll and Clark",Woods-Grant,Molly Evans,7532021397
"Campbell, Herbert and Walker",Smith and Sons,Daniel Ford,5414553613
Foster-Richardson,Lewis-Morris,Harry Hall,951936421
Miller-Sullivan,McLean-Stevens,Hollie Murphy,4760660828
Hawkins PLC,Allen LLC,Jessica Leonard,7768109626
"Turner, Evans and Jackson",Garner Inc,Deborah Kaur,360045163
"Jordan, Briggs and Gray",Allen PLC,Rachel Wilkinson,6558167451
Law and Sons,Kelly LLC,Daniel Hughes,8220993112
"Turnbull, Holland and Bull","Chapman, Murray and Macdonald",Kieran Wright,464488257
"Stevenson, Scott and Watson",Harvey-Smith,Justin Allen,8702257132
Elliott-Smith,"Griffin, Graham and Morgan",Phillip Brown,2248300909
Dobson-Patel,"Davies, Peacock and Pearce",Yvonne Jackson,6732579873
Evans LLC,"Holland, Smith and White",Stacey Fowler,8223830546
Morris-Hammond,"Turner, Hardy and Brown",Joel Rose,3682091803
Parry LLC,Kelly-Lynch,Bethan Glover,88959438
"Stevens, Norris and Thompson",Thomson Ltd,Gareth Anderson,2137078460
"Freeman, Cross and Baldwin",Hall LLC,Hannah Woodward,3665877369
"Jones, Holden and Walker","Saunders, Hodgson and Miah",Catherine Hawkins,5082768275
North Ltd,"Green, Richards and Knight",Jennifer Lawrence,3034806966
"Swift, Read and Gilbert",Watts Ltd,Aaron Johnson,5267933244
Wheeler PLC,Evans Ltd,Brett Scott,8650773842
Powell and Sons,"Duncan, Rahman and Sanderson",Elliott Reynolds,4001518722
"Atkins, Rees and Riley",Wright-Bennett,Ashleigh Johnson,9395408284
Parsons Ltd,O'Neill-Ball,Geraldine Ward,3273698069
Cook LLC,Freeman-Moss,Carl Rogers,7008514307
Adams and Sons,"Matthews, Parry and Rhodes",Marie Garner,3234148374
Patel PLC,Barnett LLC,Trevor Bird,4385506250
Sullivan Group,Jarvis-Lee,Kayleigh Mills,8723002715
Taylor LLC,"Vaughan, Davis and Wade",George Kaur,6100560426
Fisher-Ward,Lloyd-Freeman,Owen Edwards,5636624568
James-Watson,Edwards Ltd,Pamela Walsh,7128917009
"Brown, Hilton and Greenwood",Barker Group,Stacey Carter,3207822425
Thomas-Moore,"Payne, White and Perkins",Iain Brown,6863058863
Sheppard and Sons,"Roberts, Parkinson and Parsons",Aimee Wood,5722776770
Parkin Inc,Brown-Gibson,Nathan Webb,387744434
"Rowe, Lee and West",French-Harris,Barry Freeman,8180318001
Collins PLC,Thomas Inc,Ashley Thompson,1083985552
Martin-Walker,Woods PLC,Lisa O'Donnell,7542658890
Birch-Williams,Wilson Ltd,Nicole Lloyd,9168541846
"Saunders, Anderson and Williams",Jordan-Fletcher,Hollie Davies,4036444917
"Williamson, Lewis and Robinson","Ellis, Harrison and Finch",Anthony Jenkins,2471947358
Williams-Gregory,Walker Group,Leonard McKenzie,3731989694
Atkinson LLC,Smith-Robson,Bryan Spencer,2897232823
Smith Inc,Parsons Inc,Diana Hughes,7657052853
Stevenson PLC,Buckley-Douglas,Sandra Smith,425790944
"Kennedy, Lawrence and Woodward",Iqbal Inc,Dale Kay,5104844748
Brown-Davies,Brookes LLC,Sylvia Smith,573828170
"Simpson, Mistry and Jennings",O'Brien and Sons,Billy White,3053996012
Sinclair-Long,Ali-Potter,Kenneth Brown,9349923337
"Hargreaves, Wilkins and Baker","Clarke, Hughes and Sharp",Joanna Powell,2841225268
"Connor, Smith and Baker","Hutchinson, Smith and Edwards",Terence Smith,8900601245
"Thompson, Miller and Bruce",Russell PLC,Henry Jones,7591900330
Hammond Group,Chapman Inc,Annette Briggs,887647334
"Osborne, Owen and Douglas","Potts, Martin and Ford",Leah Davies,6385776388
"Holland, Atkinson and Begum",Wood and Sons,Wayne Hall,7859066185
Richards LLC,"Fletcher, Mellor and Mistry",Leonard King,7171127943
Carr Ltd,Allen-Chapman,Scott Day,5373266505
Baldwin-Schofield,"Brown, Watson and Carroll",Dominic Pratt,8829820827
Turner-Bull,Davis-North,Patrick Arnold,3619321234
"Anderson, Smith and Gray",Vaughan Inc,Nicola Walker,2491644464
Dawson-Turnbull,Morrison-Patel,Rachael Higgins,4854597220
"Walker, Hodgson and Foster",Patel Group,Philip Harrison,1133516798
Jones-Godfrey,"Duffy, Wood and Lee",Duncan Nicholson,6966739739
Bailey-White,"Lynch, Smith and Adams",Carole Wilson,9379682131
Roberts-Dodd,Burrows Inc,Mark Cook,4650235237
Shepherd Group,"Taylor, Bell and Hawkins",Diane Cartwright,7828979099
"Young, Pope and O'Brien",Burke-Cox,Charlie Nash,6018665808
Farrell and Sons,"Robinson, Cox and Patel",Clive Singh,5289228833
Bentley and Sons,Robinson PLC,Lesley Holmes,1645920210
Sanderson LLC,Lees-Farrell,Leanne Hunter,57913769
Dixon LLC,Fletcher Inc,Wayne Williams,4786347062
Wood Ltd,"Jones, Webb and Randall",Pamela Mason,2875401858
Hughes-Davies,Birch-Collins,Wayne Douglas,4708000922
Bennett-Iqbal,Harding LLC,Clare Hayward,7558332514
"Holloway, Miah and Bennett",Powell-Roberts,Annette Jackson,9423958165
Gibbs-Naylor,Edwards Group,Dennis Hughes,5766084403
James-Doherty,Robinson Group,Colin Taylor,1857721114
Griffin-McKenzie,Pearce Ltd,Aaron Cox,7336476690
Evans PLC,Brown-Bibi,Tracy Parker,2152534902
"Blake, Steele and Richards",Holmes-Holmes,Susan Mann,3798803122
Long and Sons,Woods-Ali,Kerry Metcalfe,7346205183
Parsons and Sons,"Wilson, Hopkins and Wilkinson",Howard Smith,4334241271
O'Brien-Barton,Moran Group,Malcolm Lowe,4308352847
Mitchell-Barber,Green LLC,Josephine Hayes,3569693384
Lowe-Hurst,Kay Group,Duncan Barton,1322011650
French Inc,"Davidson, Summers and Warren",Clare Jarvis,9194773044
"Willis, Cross and Hawkins","Lyons, Potter and Nixon",Samantha Howard,4511139929
Harding PLC,Lewis and Sons,Graham Cooper,1844493304
Bolton LLC,Oliver PLC,Cameron Short,9184263681
"Hyde, Thomas and Jones",Williams Ltd,Katy Miles,2116837048
"Bond, West and Cunningham","Gill, Fletcher and Davidson",Terence Patel,9310555296
Dixon and Sons,"Hall, Rose and Wright",Lee Austin,6949861861
Williams-Shaw,Fitzgerald-Browne,Michael Wallace,9198829285
Adams Inc,"Quinn, Barnes and Phillips",Callum Price,3158593696
"Lloyd, Peacock and Taylor",Stephens LLC,William Crawford,5480676094
"Singh, Wood and Pugh",Murray-Wilson,Christian Jones,9404765639
Robinson and Sons,Thompson Ltd,Brandon Lee,4273653728
Riley-Scott,Warren Group,Bruce Young,9963887299
Grant Ltd,Fox LLC,Tony Elliott,5625976615
"Sims, O'Donnell and Williams",Hall-Morgan,Teresa O'Donnell,1803411390
Allen-Adams,Taylor Ltd,Bernard Smith,6461302488
Pearce-Cooke,Lloyd PLC,Gail Jones,5254940493
Howe Ltd,"Morgan, Davies and Smith",Kirsty Mills,8968930449
"Hunt, Hughes and Wong","Cross, Stone and Hawkins",Alison Turner,3722299563
"Hopkins, Singh and Hart",Barnett PLC,Dale Fletcher,552220347
Patterson-Gould,Robinson-Green,Thomas Harris,2920306725
"Page, Porter and Freeman",Moore Ltd,Charles Shaw,7433331799
Jones-Jackson,"Jones, Morris and Donnelly",Laura Allen,6778786482
"Green, Wood and Mellor",Murphy-Singh,Maurice Pritchard,2255856799
Mitchell and Sons,Barker Group,Mandy Hilton,4890199594
Holmes-Green,Iqbal LLC,Bradley Lloyd,7723810278
Gill Ltd,Robinson-Goodwin,Donald Hughes,4181052954
"Smith, Russell and Allen",Chambers-Allen,Georgia Richards,3334088557
"Stevenson, Mistry and Davies","Barton, Carr and Roberts",Jill Houghton,21996142
Phillips Group,Burton LLC,Jack Jenkins,9733081341
Richardson Inc,Hewitt-Khan,Sian Lawrence,3081897957
Hicks PLC,Cox-West,Annette Woodward,5372162658
"Barber, Powell and Kelly",Pearson Group,Abbie Atkinson,1303384907
Gill-Hutchinson,Alexander-Stokes,Phillip Wilkins,6734038796
"Watkins, Morris and Pearce",Barrett and Sons,Katy Hall,9513142463
Gordon Ltd,Henderson PLC,Sheila Day,3848633614
Nolan PLC,"Green, Thomas and Price",Holly Taylor,6949370289
Barnett Ltd,Young LLC,Kate Gray,6445375697
"Fuller, Pearson and Graham",Davies-Williams,Jamie Ward,1071016105
"Howell, Howells and Wood",Hall Inc,Dennis Khan,6977835344
"Harper, Booth and Farrell","Hunt, Campbell and Walton",Richard Jones,1805588594
"Patel, Fletcher and Roberts",Mitchell Ltd,Joanne Edwards,6660871071
Burns-Brown,"Stephens, Roberts and Lambert",Chloe Morrison,2470858394
Edwards PLC,Rowe Inc,Georgina Anderson,4462057766
Gardiner LLC,Brady Ltd,Jacqueline Bradley,3616523292
"Green, Taylor and Clarke",Brooks Inc,Toby Jones,4988223852
Brown-Johnson,Marshall-Long,Terry Moss,9934331682
Law-Clements,Smith-Collins,Lindsey Patel,4118263107
"Walker, Roberts and Walker",Jones-Price,Matthew Wright,6743238910
Wells PLC,"Morris, Campbell and Quinn",Nathan Wong,5997292227
Cook-Perry,Watson-Thompson,Oliver Arnold,43901870
Hargreaves LLC,Ahmed-Graham,Mohamed Grant,4764218091
Slater Ltd,Parkinson-Jackson,Leigh Bailey,3694437168
Mitchell Ltd,Mitchell-Fuller,Marcus Brown,7634025450
Kay-Newman,Hughes Inc,Marie Dixon,8643582450
Sutton-Collier,"Smith, Jenkins and Parry",Charles Hewitt,7894664847
Robinson Group,Henry-Atkinson,Cameron Dodd,4052744933
Knowles-Griffiths,Mason LLC,Gemma Gould,6351209932
Alexander and Sons,Hall LLC,Stanley Thomas,8787409280
Wallace-Rhodes,Jones and Sons,Louis Fleming,2993481992
"Chapman, Pritchard and Clarke","Thomas, Evans and King",Marie Morley,8119044895
Lewis-Hamilton,Taylor-Hargreaves,Roger Dunn,5594453772
"Carter, Ellis and Wilson",Godfrey LLC,Kayleigh Godfrey,4040654855
Dennis and Sons,"Pearson, Jackson and Phillips",Amelia Harris,5727673314
Smith Inc,Wright-Whitehead,Jack Boyle,6905725773
"Black, Bradley and Baker",Watkins-Preston,Matthew King,2994580568
"Miah, Morton and Frost","Bolton, Winter and Davies",Robin Greenwood,7915781162
French LLC,"Palmer, Randall and Farrell",Kimberley Davies,1801390335
"Hall, Ford and Black","Thornton, Gardner and Jones",Deborah Phillips,3290733242
Perry Ltd,James Ltd,Aimee Davies,6158068519
Booth-Miles,White LLC,Harry Reid,307610055
Shaw-Banks,Tyler PLC,Luke Barker,2610298392
Glover-Hussain,Blackburn and Sons,Sally North,7990568739
Barnes Ltd,"Cooper, Ellis and Roberts",Samantha Fletcher,3688150386
"Graham, Lamb and Scott",Stanley-Richardson,Martyn Edwards,5246259816
Thomas-Cook,Benson Group,Alexander Clark,866775033
"Higgins, Davies and Simpson",Heath Ltd,Frank Taylor,2804649618
Pugh Group,Talbot LLC,Natalie Begum,5514708897
Potter Group,French-Nixon,Brenda Ferguson,7103530186
Roberts and Sons,Thomas and Sons,Douglas Wright,3927070931
Moore PLC,"Webster, Francis and Ahmed",Jennifer Hamilton,8240316289
Singh LLC,Wright-Skinner,Michael Allen,4263632667
Davies Inc,Hilton PLC,Stewart Smith,5663792905
"Kirk, Smith and Williams","Clarke, Brown and Shaw",Anthony Hussain,8778885844
"Austin, Perry and Phillips","Hall, Smith and Barker",Kirsty Hammond,3203910656
"Evans, Harris and Jones","Smith, Watson and Moran",Megan Harrison,2659156497
Adams Inc,Douglas-Skinner,Kayleigh George,5583495749
Smith and Sons,"Jones, Allen and Kerr",Marion Martin,8879426581
"Wright, Moore and Taylor",Morris-Gregory,Abdul Hill,6191550390
"Pugh, Harrison and Bryant","Holmes, Hargreaves and Bailey",Beverley Henderson,6158072084
Lloyd-Andrews,Richards-Simpson,Julian Bird,140675895
"Baldwin, Kelly and Coleman","Parkinson, Gregory and Jones",Mark Young,8673174711
Powell-Young,"Parkinson, Foster and Smith",Jamie Stewart,6619859441
Edwards LLC,Bartlett-Barnett,Maureen Anderson,902640619
Clarke Inc,James-Newman,Kate Burke,6918939633
"McKenzie, Hunter and Hobbs",Lewis-Douglas,Patrick Kelly,2838841116
Hewitt-Powell,Ahmed-Jones,Douglas Taylor,9069912013
Lloyd-Jones,Harvey LLC,Charles Hopkins,3608830638
Begum Ltd,Stevenson-Hunter,Mohamed Campbell,5853101022
"Cunningham, Taylor and Hughes",Webster-Webb,Sean Davey,2517284284
"Clarke, Shepherd and Ford",Lee and Sons,Derek Matthews,9730924995
"Brown, Richards and Holmes",Cameron-Holt,Alice Jennings,6538388366
Smith-Adams,Frost-Mitchell,Joe Walters,9693151714
"Harper, Hughes and Taylor","Quinn, Rahman and Curtis",Caroline Burke,9434248582
Robinson-Hewitt,Hawkins and Sons,Adrian Sanders,3336911230
"Jones, Williams and Nash",Lees Inc,Dale Turner,2754269333
"Lewis, Carter and Wilson",Atkinson and Sons,Sandra Jones,8997578762
Foster Inc,"Ferguson, Woods and Edwards",Michelle Smith,1795305076
Davis Ltd,Morris-Taylor,Alexander Ahmed,6716513439
Davis-Edwards,"Harper, Pritchard and Mitchell",Ronald Swift,4048006438
Knight Ltd,Brown Ltd,Charlotte Read,9300878096
Harris Group,"Webb, Allan and Watson",Jake Johnson,7012707295
"Wilson, Taylor and Williams",Young Group,Marc Jones,7807719502
Burrows Ltd,Thomas-Edwards,Lewis Smith,6925484611
Birch Group,Wilson Group,Paula Watkins,3357870364
Page-Moore,"O'Brien, Burns and Read",Annette Richardson,719070090
Stephenson LLC,"Pope, Ali and Ryan",Victoria Hill,4186014191
"Wong, Hughes and Martin",Power-Davis,Lauren Taylor,5746517614
Dyer-Franklin,Jenkins-Brown,Lesley Davies,1682848946
Davey and Sons,Smith LLC,Garry Roberts,2905793313
"Smith, McLean and Davis",McCarthy-Poole,Bruce Ball,9860835466
Walsh-Walker,Green-Ingram,Ann Cooper,3277058777
"Thompson, Cross and Begum",Robertson-Ahmed,Matthew Williams,8196173928
"Graham, Jones and Parker",Jones-Ali,Beth Pratt,3207970440
Elliott-Elliott,Chambers-Whittaker,Sean Walker,2570059796
"Smith, Turner and Newman",Dobson-Nicholson,Rebecca Lewis,4918645947
Todd-Collins,Morris Group,Chelsea Burton,1620339128
Ford-Johnson,"Cox, Baxter and Davies",Sian Hammond,1844637639
"Smith, Hawkins and Goodwin",Sheppard-Barker,Natasha Carpenter,1359805365
"Barrett, Richards and Taylor",Stephens-Hicks,Michael Bailey,6257982115
Allen Group,Stewart-Rice,Mary Wright,4485446882
Moore-Smith,"Brown, Bentley and Tomlinson",Julian Davies,842314703
Phillips-Elliott,"Thornton, Cartwright and Sullivan",Michael Taylor,6896815776
"Rees, Jones and Bond",Dennis LLC,Rosie Lewis,5964399158
Shepherd-Allen,"Moss, Allen and Mason",Amber Hamilton,5290023575
Mason-Carter,Johnson-Wilkinson,Natalie Ward,4091388129
"Khan, Wilson and Humphreys",Bailey Inc,Gerald Kelly,2923169676
Jones Inc,Edwards-Bishop,Toby Turner,4266616703
Blake Group,"Scott, Wright and Oliver",Norman Cox,2168895562
Chapman-Davis,"Hussain, Davies and Richardson",Ruth Young,186380594
Davies and Sons,Elliott and Sons,Jeffrey Walker,2033100289
Davies-Newman,"James, Scott and Taylor",Aaron Lewis,2443712915
"Taylor, Jones and Mitchell","Ali, Hussain and Fowler",David Hunter,5420627510
Skinner-Field,Webster-Price,Conor Marshall,5573100957
Newton LLC,Johnson-Johnson,Danny Palmer,8022520817
Davies Inc,Butler-Brookes,Samuel Taylor,8324551756
"Curtis, Nicholls and Cook",Ahmed-Miah,Timothy Lee,4715966023
Fox-Faulkner,Khan-Ball,Patrick Jones,8007024287
"Hutchinson, Mason and Evans",George Group,Joe Martin,4041891711
O'Brien-Mitchell,"Martin, Knight and Brookes",Arthur Wright,3809062827
Wright LLC,"Walker, Bates and Scott",Jane Humphreys,4431725115
"Parry, Griffiths and Jones",Rogers and Sons,Janice Ford,4947129706
Morgan Group,Nolan-Robinson,Mandy Cooper,8889006289
Clark LLC,"Chandler, Perry and Pearson",Naomi Shaw,7919100528
"Ford, Brown and Morgan",Bennett-James,Victoria Robinson,8298150732
"Murphy, Hart and Cooper","Ward, Adams and Foster",Alice Anderson,9032758934
Sykes-Sharp,Jennings Group,Amber Taylor,9600760019
Moore LLC,Moran-Marsh,Lynda Bailey,605649164
Owens Ltd,Wilson and Sons,Frank Cox,1767159908
Cooper and Sons,Short PLC,Neil Charlton,4362619169
"Norman, Howell and Fox",Booth-Campbell,Mathew Smith,2647482344
"Metcalfe, Stevenson and King",Wood-Barnes,Jacob Wood,2604757919
"Freeman, Shah and Hammond","Roberts, Jones and Johnson",Rebecca Holland,9256532480
Hall Ltd,"Smith, Lee and Johnson",Stanley Ferguson,7419651837
Parsons LLC,"Kirk, Randall and Thompson",Elaine Hopkins,8556237148
"Buckley, Lee and Hargreaves","Bell, Atkins and Horton",Paige Kay,8378422037
"Clarke, Smith and Nicholson","Heath, Jones and Turner",Heather Haynes,3710320992
Fowler-Watkins,"Bishop, Wood and Lane",Alex Knight,3457627044
Gray Inc,Walker-Cole,Jeremy Hopkins,9221574411
Cox-Manning,Brown-Wilson,Lawrence Ward,6606832170
Perry-Bell,Ward PLC,Rhys Rees,1300863155
Kerr PLC,Stanley-Hussain,Jenna Evans,3331329832
"Collins, Martin and Page",Collins-Weston,Clifford Hewitt,412404807
Thomas Group,Ward Inc,Edward Kennedy,6950616215
Bennett LLC,Morris Ltd,Katherine Smith,5863070172
"Morris, Morris and Hunter",Payne-Coates,Alan Stevenson,8680020748
Martin-Miller,"Harris, Oliver and Cox",Kathryn Garner,8728175977
Richardson and Sons,"Fitzgerald, Murphy and Marsden",Michael Cooper,1781861897
"Mills, Blake and Clarke",Bentley-Higgins,Paula Taylor,5563638766
Nash Ltd,Hughes and Sons,Melissa Taylor,3886521094
"Andrews, Ball and Hammond","Burke, Mills and Hardy",Alice Thomas,3655387707
Alexander LLC,Wright and Sons,Robert Burton,4310443006
Long-Collins,"Smith, Ward and Young",Steven Boyle,1981659071
Burgess-Wood,"Thompson, Osborne and Atkins",Alison Rice,1945265816
"Watson, Byrne and Cooper",Watson-Nixon,Lesley Collins,77584115
Barrett and Sons,Williams-Evans,Elaine Clark,8358404612
Russell-Bibi,Watts-Jones,Jacob Jones,7023954467
"Carter, Wilson and Bates","Mills, Robertson and Roberts",Stewart Parker,7252545171
"Taylor, Edwards and Archer",Davis-Parker,Glenn Atkins,9512080352
"Collins, Hunt and Jones",Green-Brady,Adam Thomas,4943776646
Atkinson-Cook,Mistry-Hall,Amy Berry,4362832045
Shah LLC,Wilson-Kaur,Cheryl Wade,8308042665
Brown-Day,Clayton Group,Dale Green,6530975952
"Williams, Yates and Brown",Porter-Ross,Caroline Hamilton,7136586536
Wright-Mistry,Wilson-Mellor,Rita Holland,6592342387
Nolan Inc,"Mitchell, Walker and Richards",David Wilkins,5849760329
Gibbons LLC,"Holt, Herbert and Ali",Scott King,351911805
Franklin Inc,"Wood, Evans and Patel",Gareth Hammond,5189769952
Price LLC,Begum Group,Patrick Lewis,8641341003
Edwards Group,Jones-Collins,Lucy Smith,4821845870
Ward-Boyle,Pickering and Sons,Carole Wood,2113212530
Chapman and Sons,Hamilton-Hill,Henry Burton,6533411568
Sims-Wright,"Brooks, Sanders and Cooke",Alex Cross,4812735283
"Singh, Thomas and Patel",Hughes Group,Elizabeth Lamb,3978917320
"Horton, Wright and Simmons",Davies-Anderson,Fiona Crawford,6939766727
"Moss, Fletcher and Williams","Roberts, Archer and Lewis",Antony Wright,3385341278
"Scott, Roberts and James",Mitchell Group,Elliott Khan,9333137604
"Robertson, Harding and Williams",Evans-Andrews,Joseph Murray,4793660437
Hall PLC,Green LLC,Catherine Davies,2186128173
Martin-Davis,Patel PLC,Terence Ellis,2991393644
"Chandler, Fleming and Jones",McKenzie Ltd,Paula Spencer,84255646
Begum PLC,Lambert-Patel,Claire Harrison,911095173
"Watts, Hartley and Phillips",Harrison-Conway,Leah Baker,3347335559
Peters Ltd,"Heath, Cunningham and Parkes",Craig Thompson,2104289745
Blackburn-Edwards,Adams-Martin,Louis Woods,7521017477
"Hunt, Kemp and Wright","Marsh, Ingram and Pearce",Craig Carroll,5901837880
"Moore, Jones and May","Mellor, King and Price",Louise Scott,5507588883
Bradshaw-John,Brown-Rahman,Gail Powell,6740408384
Byrne Group,"Morley, Saunders and Page",Louise Barrett,9915709786
Patterson-Russell,White-Barker,Brandon Murray,1614356244
Ward-Green,"White, Johnson and Cunningham",Conor Leonard,6076133202
Jones-Kelly,Abbott-Jackson,Andrea Hanson,7726191202
Smith-Atkinson,"Martin, Rowe and Harper",Wendy Ellis,4933080344
"Dean, Wilkins and McDonald",Lawrence-Murphy,Charlotte Turner,2738353785
Cole LLC,Smith PLC,Joanne Rees,5174460712
Briggs-Fowler,"Martin, Pearce and Ford",Gerald Murphy,5755859090
Byrne-Hale,"Dawson, Williamson and Ellis",Donna Thompson,9348955007
"Davis, Hart and Peters",Franklin PLC,Stephen Wong,3147510192
Schofield-Powell,Taylor Inc,Dawn Shepherd,8543015756
Edwards-Cooper,Atkinson and Sons,Kyle Poole,2736239420
Phillips-Williams,Hodgson Inc,Beth Watts,7447655729
Cooke-Wilkinson,Wilson Group,Ashleigh Allen,7410220349
"Elliott, Blackburn and Booth",Holland Ltd,Iain Dunn,4054699989
Stone and Sons,Walton-Norton,Nicola Hammond,3682519226
Bradley and Sons,"Martin, Brown and Robinson",Joanne Stewart,552513860
Freeman Group,Webster PLC,Rosie Alexander,809667333
Day PLC,James-Richardson,Hannah Johnson,6009549308
Boyle-Holt,"Dawson, Brown and Hammond",Kim Fletcher,5386570765
Taylor and Sons,"Lewis, Holmes and Stevens",Kerry Edwards,2750432160
"Mann, Smith and Smith","Wheeler, Oliver and Wilson",Jayne Day,3272631712
Barton PLC,"Brown, Doherty and Evans",Barry Elliott,2771606577
"Knight, Robson and Rogers",Turner-Jones,Rita Ahmed,4305152653
Berry Ltd,Hobbs Inc,Samantha Watson,5244508648
Ellis Group,Hughes Ltd,Roger Douglas,8816764663
Black-Hudson,"Stephenson, Davies and Harris",Alan Murphy,896004076
"Hall, Robinson and Perkins",Jones-Lambert,Graham Cooper,8590004699
Lewis-Price,Fuller-Richards,Emily Parsons,8739308272
Hughes-Wilkinson,White-Andrews,Kerry Davies,584089869
Thompson-Hill,Harris Group,Catherine Hodgson,3697804891
"Hartley, Edwards and Booth","Price, Williams and Martin",Graham Powell,3540491091
"Whittaker, Butcher and Gough",Nolan-Moran,Dylan Nolan,9538159119
"Parker, Long and Reed",Evans-Young,Abigail Scott,9909890825
Moore LLC,Brown-Boyle,Melissa Bull,135644377
Hanson and Sons,Scott PLC,Melanie Burns,950653286
Ahmed LLC,Hall-Phillips,Ashley Wilkins,2733322067
Jones-Hall,"Begum, Shaw and Chandler",Wendy Murray,1333569860
Wood-Reynolds,Shepherd-Barrett,Stanley Owen,1528606097
Jones Inc,Taylor LLC,Howard Chadwick,2493746891
Parker LLC,Bond-Wright,Sharon Davies,9881393273
Chamberlain-Anderson,Willis-Thompson,Marian Taylor,9725292857
Powell-Morgan,Cross-Ellis,Bruce Stevenson,1942665953
Stephenson-Wilson,"Burton, Davison and Fisher",Janet Butler,4614913469
"Power, Marshall and Cartwright",Ward-Baxter,Ann Taylor,2047584967
Morgan and Sons,Gibson Ltd,Anne Thompson,2991111310
Goodwin and Sons,Harvey LLC,Clare Hurst,8974531563
Williams PLC,"Griffiths, Kaur and Carter",Reece Taylor,2876595104
Marsh-Stephens,"Henderson, Coleman and Taylor",Amelia Osborne,1612859092
Donnelly-Parker,Lowe and Sons,Rosemary Ali,894234034
"Perry, Sykes and Morris","Rogers, Davey and Fletcher",Mohammed Harris,5910888978
"Anderson, Black and King",Reynolds PLC,Marie Farmer,5240400921
"Cole, Brown and Gardiner","Richardson, Jackson and Mellor",Aaron King,2448795300
Martin-Bartlett,Fox-Brooks,Yvonne Robertson,688750378
"Spencer, Holt and Greenwood","Jenkins, Robinson and Evans",Anna Bray,3390820698
Burgess-Higgins,Cox Ltd,Clifford Watson,8293765545
Conway-Robinson,"Hall, Clark and Francis",Jeffrey Rowe,966602426
Dixon Ltd,James-Cook,Kyle Knight,5624513941
"Lawrence, Wright and Ford",Evans-Hyde,Glenn Evans,1165787468
West PLC,"Gibbons, Walker and Barton",Jayne Black,8473269877
"Khan, Heath and Vaughan",Warner-Elliott,Rosemary Thompson,9268575594
Iqbal-Burns,Clements Ltd,Diana Knowles,7990190416
"Price, Slater and Goddard",Jones LLC,Howard Wilkinson,3536019819
"O'Donnell, Sheppard and Goodwin",Lynch-Shaw,Stewart Read,9273173692
Webster Inc,"Brown, Haynes and Thomson",Pamela Connolly,5231539119
Cox Ltd,"Bentley, Butcher and Sharp",Frank Power,3750242135
Gill-Lee,"Walker, Evans and Stone",Gordon Wilson,8428007868
"Rose, Gibson and Leach",Osborne-Walters,Stephen Wright,8317632378
Reid-Davies,Mitchell Ltd,Jane Nicholson,8678665511
Wright-Hall,Gough PLC,Barry Hayward,3909211909
"Hunter, Williamson and Spencer","Pearson, Curtis and Carter",Carly Anderson,9394786695
Ball-Griffin,Foster-Hodgson,Billy Osborne,8511977276
"Mitchell, Johnson and Coleman",Morton LLC,Aaron Gardiner,1801319012
Matthews LLC,"Smart, Brown and Hyde",Rebecca Jones,3459412928
"Hanson, Chadwick and Wright",Doyle-Rahman,Lydia Adams,5065725927
Richardson-Gregory,Thomson-Evans,Tony Jackson,1770111786
Richards-Bond,Vaughan-Mitchell,Sam Hayward,6290618969
Smith-Daly,Short-Burton,Lawrence Hanson,1600276627
Smith-Robertson,Waters and Sons,Megan Robinson,2904988877
Nicholls-Simpson,Young-Smith,Albert Bell,5508505547
Holmes-Smith,Chapman Inc,Jacqueline Harris,6487472077
Price-Jenkins,"Rowe, Marshall and Jackson",Anne Hunter,1347703195
"Williams, Jackson and Carter",Smith-Burke,James McCarthy,6056913816
"Anderson, Lawrence and Ward",Brown-Miles,Laura Holmes,7483085944
Shepherd-Sanders,Holmes Inc,Janet Barlow,9090245872
Adams-Dunn,Clark Inc,Christine Hewitt,3847000955
"Green, Turner and Bennett","Roberts, Simpson and Storey",Chelsea Matthews,4144972827
Parsons-Robinson,"Davies, Wilson and Hart",Sheila Howells,6950797908
"Wright, Freeman and Lowe",Shepherd Group,Charles Hammond,5691439253
Curtis PLC,"Hughes, Berry and Price",Eleanor Palmer,6499015832
Taylor LLC,Francis-Walker,Jacqueline Woods,1692014851
"Wood, Hudson and Woods",Parkinson Group,Beverley Taylor,9471578005
"Riley, Perry and Jackson",Kelly and Sons,Ricky O'Brien,3170683326
"Coles, Bell and McCarthy",Barber-Gibson,Joanna Fisher,5430922400
"Ingram, Dixon and Thomas",Hope Inc,Catherine King,2780092572
Williams-Morgan,Stewart-Nelson,Toby Bryant,6693755208
"O'Brien, Holmes and Smith","King, Hartley and Wright",Dawn Lamb,2262964752
Collier Ltd,Clarke-Carr,Kayleigh Kirby,6678507749
Shaw-Ali,Harris-Wright,Douglas Bowen,1501096455
Hunt-Turner,Bennett LLC,Gail Ward,1316864218
"Harris, Fraser and Carey","Mitchell, Reynolds and Lucas",Stanley Jones,6385946033
Hall PLC,"Steele, Evans and Perkins",Kyle Lee,59343427
Barnes-Morley,"Harrison, Law and Norton",Vanessa Smith,8998363209
"Taylor, Green and Brown",Foster-Foster,Abigail Ward,5929982189
Macdonald PLC,Gray-Smith,Ruth Smith,2984597318
Butler Ltd,Lyons Ltd,Amelia Hawkins,5974171172
Bradshaw LLC,Stewart-Hudson,Kathryn Richards,3323289686
"Burrows, Davis and Barnes",Allen-Moore,Kate Begum,1075498554
"White, Edwards and Gregory",Reynolds LLC,Marion Payne,3125945896
Riley Group,Foster Ltd,Leanne Nelson,3582937043
Williams Group,Lloyd-Doyle,Lydia Pearson,3736350655
Potter Inc,Nolan LLC,Nathan Mason,2312397107
Lyons-Murray,"Robinson, Thomas and Hobbs",Tracy Horton,7538559707
Webb LLC,Evans-Hooper,Kyle Brown,7741360101
Jones-Baker,Barnes Group,Karen Hicks,30922090
"Saunders, Cooper and Smith",Townsend-Bishop,Albert Hope,9354524533
King-Wright,"Williamson, Harvey and Green",Donna Turnbull,339841795
Goodwin Ltd,Kennedy-Smith,Stuart Reed,6372540995
Phillips Group,Ahmed-Hodgson,Mandy Riley,3257932071
"Brown, Wilkinson and Scott","Lee, Tucker and Patel",Paul Gardner,9723153019
"Nash, Jackson and Murphy","Day, Brown and Graham",Wendy Yates,3867214050
Myers-Elliott,Owens PLC,Martyn Saunders,7988315466
Pearson-Hussain,"Griffiths, Grant and Baker",Aimee Lowe,6316170187
"Lyons, Walton and Griffin",Brown and Sons,Alice Wilkinson,4796916609
"Williams, Blake and Hammond","Kaur, Stevenson and Smith",Kenneth Webb,7480526320
"Stevens, Taylor and Sykes",Webb Inc,Lorraine Vaughan,4754150654
Marshall-Wood,Welch-Walters,Stephanie Sykes,9900284800
"Bartlett, Middleton and Butler",Morris-Lane,Amanda Moore,3099321094
Blackburn Group,Murray-Wong,Lindsey O'Connor,7606510759
Smith LLC,Phillips LLC,Raymond McCarthy,6695661398
Fleming-Reeves,Chandler Ltd,Chloe Elliott,217546186
White and Sons,Saunders Inc,Richard Slater,1050290575
Ellis-Bates,Wright Group,Marc Reid,9208356611
"Joyce, Graham and Baker",Matthews-Lee,Raymond Dickinson,2454972667
Harris and Sons,White Inc,Joanna Goddard,7952416763
"Carter, Carpenter and Curtis",Briggs Group,Natasha Clarke,8976237189
Greenwood-Vincent,"White, Andrews and Robinson",Joanna James,5361935985
"Kelly, Lucas and Anderson",Young PLC,Dennis Cooper,9926942590
"Wilkinson, Griffin and Harris","Evans, Hunter and Hall",Christian Holmes,7758353446
"Hughes, Williams and Patel",Riley PLC,Jodie Macdonald,9924121267
Farrell Group,"Thomas, Dodd and Smith",Gavin Cooper,6879843457
Watson Ltd,Martin-Duncan,Peter Parker,1873836564
"Moss, Dennis and Ellis","Taylor, Hodgson and Davis",Judith Griffin,2579975556
"Young, Lewis and Davies",Rose-Burton,Hazel Smith,8817060456
Holland Ltd,"Wood, Taylor and Burns",Jay Thompson,5893536928
Wood Group,"Kay, Hopkins and Brennan",Kerry Singh,9067590538
"Reynolds, Patel and Watkins","Knowles, Parkes and Morris",Shaun Lee,6371299192
Chapman-Marsh,"Wilkins, West and Davies",Ellie Woodward,2771354425
Miller-Cook,"Baldwin, Murray and Howard",Rosemary Parsons,6974927437
Nelson LLC,Ross-Scott,Leonard Knight,7555741184
Pearson LLC,"Perry, Green and Jones",Kirsty Roberts,4530929535
Watson-James,Hughes-Thomas,Jean Morrison,3620164493
Parkes and Sons,Waters PLC,Darren Allen,8483171908
"Williams, Lewis and Green",Williams and Sons,Teresa Hughes,1894087161
Elliott-Harper,Parkinson-Hunt,Katy Lewis,1822693136
Richards-Hill,"Wilkinson, Richardson and Bentley",Sally Cooper,6167838401
"Talbot, Jordan and Miller",Anderson-Smith,Rhys Cole,8192496874
"Miller, Fisher and O'Brien",Tucker Inc,Sian Richardson,2795163911
Barlow-Haynes,Green-Alexander,Adam Hill,6561563034
Smith-Black,Roberts-Chadwick,Steven Evans,4967667206
Jones-Hicks,"Smith, Harris and Johnson",Gavin Davis,3008683354
"Khan, Johnson and Jones",Morris-Roberts,Francesca Young,8483629767
"Duncan, Foster and Bryan",Bond-Smith,Justin Hilton,6491015167
Wallis and Sons,"Murphy, Pritchard and Holmes",Ashley Watts,6790760790
Berry-Price,Jones PLC,Gail Evans,8281882227
Potter-Jackson,Barnes-Hughes,Bruce Khan,2093741080
Hill Group,"Haynes, Watts and Burgess",Stacey Edwards,2973648021
Begum LLC,"Sutton, Wyatt and Jones",Wayne Cole,5793730698
Harrison and Sons,Lowe Inc,Alice Barnes,6667145623
"O'Brien, Griffiths and Harrison",Nash-Brown,Guy Fletcher,9107926620
"Ward, Hamilton and Jones","Walker, Hanson and Peters",Sian Hughes,4819332238
Moore Inc,Knowles-Long,Norman Pearson,5206779035
Dawson PLC,Lee PLC,Tony Booth,2219496458
"Dawson, Williams and Wright",Heath and Sons,Edward Goddard,3291497584
Storey and Sons,Taylor Ltd,Debra Hall,6277830830
Thomas-Preston,"Webb, Wright and Robson",Billy King,7463352236
Evans Group,"Welch, Cook and Jones",Joel Johnson,9831315617
Smith-Phillips,"Jones, Dunn and Farmer",Shannon Burgess,5365512660
"Akhtar, Robinson and Richardson",Lewis LLC,Stephen Gill,237822129
"Baker, Davies and Turner",Cook-Taylor,Holly Khan,1422091612
Walters Ltd,Holmes-Porter,Simon Osborne,9709899603
Cooper-Williams,Clarke-Hancock,Eileen Turnbull,90424166
Phillips Group,Smart-Sanderson,Jacqueline Field,7944847664
Edwards-Carter,Hunter-Baker,Clifford Anderson,7157105727
"Davies, Wood and Harper","Kelly, Phillips and Williams",Trevor Talbot,5505021838
Perry-Miller,Ahmed-Lawson,Stephanie Frost,8011778114
"Bennett, Wilson and Moore","Fry, Davies and Patel",Ricky Stokes,8157649265
"Roberts, Roberts and Oliver",Baker-Carr,Brandon McKenzie,1638939962
Richardson-Walker,Palmer-Roberts,Pauline Perkins,3590542684
Harris PLC,"Humphreys, Cook and Cooper",Julie Brown,2886121775
"Rowe, Waters and Green","Smith, Smith and Hussain",Elaine Brookes,2492931744
"Ward, Finch and Hughes",Chapman-Lees,Jane Jones,7092622338
"Mistry, Clayton and White",Randall LLC,Julia Patel,3733188301
Jones LLC,Davies-Stanley,Kim Green,1153061077
"Turner, North and Farmer",Barlow-Matthews,Marilyn Wells,5507064658
"Jones, Bell and Smith",Willis LLC,Sheila Robertson,4660241697
Smith-Hutchinson,Robinson and Sons,Mathew Ford,6132408346
Hayes-Randall,Phillips Ltd,Declan Phillips,1122406657
Brown-Nicholson,Shepherd Inc,Jessica Lee,7008728286
"Price, Brown and Finch",Evans LLC,Gerard Hudson,4106463494
Birch-Gray,Simmons-Collier,Pamela Wilson,9429338682
"Smith, Smith and Chamberlain",Harding Inc,Jill Kennedy,1291871951
Cooper PLC,Morgan-Jones,Alexandra Bailey,5456575970
Parry PLC,Gallagher LLC,Ashley Knight,8377726972
"Pearson, Chandler and Brown",Ford-Howard,Roy Atkinson,3039987778
Leach LLC,Peacock-Murphy,Marc Kaur,1494315035
Phillips-Fletcher,Wood and Sons,Joshua Ali,7565131046
"Robinson, Hill and Campbell","Palmer, Barker and Gibson",Emily Atkinson,425259989
"Johnson, Harper and Ellis",Dickinson-Wood,Bethany Lee,5499915309
Lewis and Sons,Ellis Ltd,Jayne Harvey,5573773700
Armstrong Group,"Williams, Hope and Collier",Carly Hussain,5212362650
Johnston-Miller,Edwards and Sons,Neil Tucker,7166565849
Taylor-Lees,Cook Group,Joel Bull,7487927039
Myers and Sons,Robertson Group,Jenna Woodward,6967931818
Davies LLC,Watson-Davis,Ronald Morris,5186780387
"Bell, Booth and Yates",Gregory-Gray,Alan Taylor,8416962573
Mitchell Group,Doherty Inc,Wayne Wells,7684708097
"Phillips, Mistry and Norton",Williams-O'Connor,Philip Reynolds,8215543422
"Booth, Morgan and Evans","Goodwin, King and Benson",Kieran Woods,5927124380
Winter-Evans,Brown PLC,Joseph Pickering,4696807037
"Ahmed, Lane and Poole","Harvey, Pratt and Henry",Gerald Willis,3937551219
"Smith, Burns and Collins",Frost-Marsden,Andrea Schofield,3371950058
Harvey-Armstrong,"Burns, Reynolds and Little",Harry Andrews,5844510525
"Edwards, McCarthy and Watson",Cook-Lloyd,Mathew Singh,9152266608
"Sharpe, Jackson and Williams","Webb, Kelly and Hall",Darren Walton,5244044482
Bird-Chan,Green and Sons,Michael Parsons,3979328286
Hill-Ferguson,"Jenkins, Powell and Nicholls",Amber Connolly,1625104891
Thorpe and Sons,Curtis and Sons,Frances Wood,5528765193
Baxter and Sons,"Hale, Lewis and Johnson",Marcus Palmer,2563717913
"Fox, Spencer and Martin",Morris Inc,Stewart Miles,2065366846
Wall-Dale,Williamson Ltd,Katy Dixon,6075396511
Robinson Ltd,Clements-Spencer,Bethany Clarke,4682682439
Smith-Clarke,"Warner, Sharpe and Kennedy",Megan Turner,1207655924
Wilson Ltd,Woodward-Sutton,Ryan Wilkinson,8612566869
Allen Group,Stone Ltd,Shirley Smith,3579442697
"Chambers, Smith and Preston","Kirby, Taylor and Hill",Brian Bennett,1824365885
Robinson LLC,Green PLC,James Smith,1292809279
Collins-Lewis,Webster and Sons,Joyce Woodward,2128723889
Morgan LLC,Smith Inc,Pamela Thompson,6465120088
Norris-Jones,"Macdonald, Foster and Palmer",Gary Davies,4775670493
Harris-Kelly,"Mitchell, Stevens and Gibson",Amber Rhodes,5830009774
"Randall, Hayes and Kelly",Nicholson Group,Richard Hill,1028941157
Smith LLC,"Sharp, Thompson and Jones",Cameron Jones,9108191082
"Duffy, Iqbal and Taylor",McKenzie-Holland,Mary Schofield,4721899788
"Clark, Preston and Doherty","O'Sullivan, Davies and Mahmood",Dennis North,2378701096
Martin Inc,Moss Group,Sharon Kelly,808354699
"Evans, Bowen and Mitchell",Cook-Stephens,Jasmine Taylor,7145164501
Mason Group,Williams-Weston,Jade Webb,8303698810
"Murray, Palmer and Hope",Simpson-Manning,Aaron Howe,2762187790
"George, Lynch and Mason",Cooke PLC,Sharon Davis,2790604352
Smith PLC,Whitehead-Ford,Declan Giles,3974646250
Whitehead-Watson,"Carter, Winter and Kelly",Dawn Russell,3039514142
Davies Inc,Cooper-Simpson,Lydia Walker,87807768
"Jones, Jenkins and Ellis",James-Knight,Angela Lloyd,8097928590
Fry LLC,Pratt LLC,Tony Holmes,9830768240
Elliott PLC,"Glover, Williams and Poole",Hannah Dale,3997759547
"Harris, Andrews and Tomlinson",Law-Brown,Tina Smith,8922394373
Black Group,"Taylor, Johnson and Taylor",Vincent Cook,4417965600
"Smith, McCarthy and Rice","Black, Jenkins and Foster",Molly Duncan,9345160707
"Ahmed, Jones and Davies","Jones, Mills and Grant",Jay Potts,6371666335
"Jones, Brown and Skinner",Smith-Reid,Stephanie Cole,811140086
"Hussain, Henderson and Buckley",Blackburn Inc,Martin Cross,910338788
Blake-Johnson,McDonald and Sons,Leanne Hanson,3199081648
Connolly PLC,"Williams, Tyler and Burton",Gail Barnett,1759579595
Sharp-Stephens,Ferguson Inc,Alice Marshall,376070600
Little-Miles,Rowe-Hunter,George Birch,2812559976
"Powell, Walker and McLean",Cook-Edwards,Tom Hall,1062860406
Jarvis-Moss,Cook-Jones,Thomas Clark,3528636267
Thomson-Butler,Bibi Ltd,Liam Moran,6539758224
Jackson-Bell,Patel and Sons,Molly Rose,7568024435
Holden Inc,"Stevens, Whitehouse and Martin",Lawrence Wilkinson,2738052880
"Jenkins, Gilbert and Woods",Birch-O'Neill,Mary Tomlinson,2702296450
Brown-Ward,Campbell Ltd,Carolyn Edwards,2088080719
Patel Group,"Chapman, Morris and Bryan",Josh Ahmed,8525252374
"Riley, Parry and Newman",Gregory LLC,Marian Ferguson,7872540540
Marsh-Banks,Russell-Leonard,Ronald Brown,8953610298
Slater-Rose,Thompson-Tucker,Iain Jones,5651542854
Johnson-Fowler,Jones-Williams,Irene Fitzgerald,3198135649
Woodward-Roberts,Johnson LLC,Daniel Griffiths,5759854524
Richards PLC,Lord-Dixon,Guy Knowles,1084018174
Marshall Group,Holloway-Fraser,Mandy Gardner,1551304310
Roberts-Wilson,"Duffy, Dixon and Matthews",Natalie Wilson,9804609264
Abbott-Clark,"Lynch, Bishop and Jones",Damian Taylor,2482079278
"Greenwood, Jones and Baxter",Jackson Ltd,Oliver Thomas,8256126969
Rogers-Robson,"Moore, Hayward and Perkins",Jay Fox,6274941738
Campbell-Long,Charlton Inc,Damian White,7968008063
"Warren, Edwards and Clarke",Hall-Taylor,Joel May,8641412045
"Robinson, Sharpe and Watson","Lewis, Rogers and Smith",Megan Roberts,3894913906
"Dyer, Cook and Owen",Austin Ltd,Dawn Brown,9972385942
Preston Group,"Hughes, Gibbons and Roberts",Leonard Smith,4477850935
"Owen, Lambert and Pearson",Rice-Ward,Deborah Phillips,5461197114
"Howells, Turnbull and Marsh",Cole PLC,Mary Shah,2106220438
Brown Group,"Ross, Jackson and Wallace",Rachel Bond,9304799978
"Walker, Mellor and James",Mason-Powell,Gavin Jones,5456179948
"Long, Patel and Taylor",Roberts LLC,Derek Brown,9338113285
Jones-Adams,Hunt-Francis,Toby Davies,5431556302
"Francis, Walker and Ali","Mellor, Murphy and Gilbert",Joanna Burke,8989307074
Smart-King,Kirby LLC,Marion Robertson,8618996320
Sykes LLC,"Brown, Fraser and Jones",Aimee Cooper,7058427946
Reed LLC,"O'Neill, Gray and Page",Mohammed King,1358868817
Cartwright-Davies,"O'Sullivan, Morris and Edwards",Teresa Kaur,5937550805
Peters and Sons,Mann-Noble,Eileen Cross,9050884595
Butcher-Jones,Gibson and Sons,Tina Taylor,4826698067
Dickinson PLC,Roberts-Clarke,Patricia Phillips,1222780169
Lewis LLC,Booth Group,Donna Barnett,4259446747
Potter PLC,"Griffiths, Smith and Thompson",Terence Ball,7563862777
Turner Inc,Wright-Gibbs,Frank Gill,1390298049
"Warren, Harding and Kelly",Johnson Group,Leigh Kirby,7515599409
Kirk-Gallagher,Hopkins-Holden,Nathan Rogers,3861518391
Rogers-Dickinson,"Woods, Harper and Howe",Cameron Webb,5328737187
"Jones, Evans and Lewis","Browne, Thomas and Clarke",Iain May,8453765382
Harding-Hawkins,"Johnson, Davey and Phillips",Hannah Clarke,8366932825
"West, Jones and Baldwin","Day, Gordon and Briggs",Rhys Freeman,2404904149
Moss LLC,Ryan-Iqbal,Georgina Hutchinson,2107747292
Oliver-Ward,"Finch, Simpson and Shah",Craig Welch,487759305
Taylor LLC,Lawson-Parker,Matthew Bird,9589346239
Leonard Ltd,"Gibson, Davies and Watkins",Pauline Fowler,282551014
"Jones, Ali and Lee",Waters Group,Raymond Smith,9443605213
Chapman Ltd,Johnson-Brown,Julian Davies,8738450921
Hutchinson-Harris,"Dale, Atkins and Mason",Nigel Allan,7678775506
"Walsh, Lee and Hunter",Wilson-Begum,Jill Riley,5444295456
"Johnson, Evans and Campbell",Martin-Elliott,Rita White,5432796377
"Barnes, Pearson and Griffin","Buckley, Nelson and Ford",Marcus May,6444774696
Fisher-Mason,White-Marshall,Sara Pearce,2880012699
George Group,Smith Group,Thomas Brookes,118413374
Hopkins Inc,Wood PLC,Gerald Rose,5584135857
Mason Group,Arnold-Roberts,Francis Williams,8939027792
Smith Group,Read Inc,Ashley Jones,1903410031
Thomson-Holden,Jordan-Walker,Alice Wood,5764667399
Newton-Slater,"Nicholls, Smith and Wilson",Olivia Butcher,7233259733
"Lewis, Berry and Burgess","Bryan, Allen and Knowles",Norman Woodward,4901900789
Warren Group,Slater-Shah,Liam Burns,4080939846
"Morgan, Martin and Thompson",Barrett Inc,Shaun Richards,3456258390
Turner-Gallagher,Talbot Inc,Harriet Hunter,6006863113
Smith Ltd,"Ryan, Page and King",Mary Summers,6059102845
"Dawson, Clark and Lloyd",Bentley-Thomas,Alex Andrews,2199094751
"Glover, Brookes and Robinson",Young Group,Alison Lewis,946537210
Donnelly-Doyle,Bennett-Edwards,Margaret Bates,8770363860
"Berry, Wilson and Taylor",Knowles LLC,Marian Evans,346677708
"Thomas, Wright and Harrison",Johnson-Khan,Russell Davies,9018571849
Roberts LLC,"Walsh, Chadwick and Khan",Scott Wong,590034153
Patel-Ellis,Taylor Group,Daniel Douglas,6399110906
Berry-Green,Farmer Group,Kathleen Jones,4256850937
Porter-Pritchard,Wade-Carter,Andrew Kirk,6335674964
Hart Group,"Smart, Smith and Nicholson",Pauline Williams,2079936264
"Foster, Wright and Thomas",Horton and Sons,Brett Power,8126856764
Metcalfe and Sons,Howells-Thompson,Jean Humphreys,3380546404
Humphries Ltd,"Evans, Shepherd and Mason",Keith Sinclair,957208883
Bennett Group,"Pickering, Henry and Godfrey",Lynne Holmes,5206911692
"Collins, O'Neill and Pearson",Taylor-Taylor,Frank Webb,6099705467
Gill-Briggs,Gill-Lee,Victor Jones,3436636987
Allen-Rogers,"Warner, Allan and Owen",Christine Moore,5300378675
Stewart-Harrison,Ward-Harding,Kenneth Chandler,9107680527
Stone-Hewitt,Turner Group,Shirley Taylor,2200760244
Fry-Jackson,Hill Inc,Diana Kaur,8697990799
Morris-Hunt,"Shaw, McKenzie and James",Rosie Power,3094198089
Jones-Burrows,Holmes Group,Stephen Clark,2775316043
Wells LLC,Davies Group,Denise Savage,1147984873
Marshall-Field,"Brown, Cook and Poole",Declan Curtis,4548279359
"Newman, Chapman and Wyatt","Smith, Jones and Davis",Suzanne Fitzgerald,6710712530
"Cook, Clarke and Rowe",Ali PLC,Duncan Simmons,1955533069
Cooke-Gough,"Harris, Poole and Thompson",Beverley Wallace,2248270702
"Fisher, Bennett and Sims",Pickering-Parry,Alan Jarvis,5486570083
"Boyle, Hussain and Williams",Marshall PLC,Jonathan Bell,769639237
"Griffiths, Wilson and Turner",Hudson Group,Abbie Davis,399839657
Smith-Miller,Lucas Group,Jason Davies,3756128414
Patel Inc,Baker LLC,Bradley Green,9791979096
Coleman-Charlton,Wheeler Ltd,Leslie Clarke,8104278201
Allan-Shaw,Begum-John,Frances Smith,8885759439
Short-Duncan,"Burns, Page and Jackson",Phillip Williams,1023500783
Richards PLC,Metcalfe-Thomson,Paula Cooper,3196893188
"Booth, Clarke and Chambers",Foster-Clayton,Jay Knight,4165567639
Taylor-Peacock,Bond-Jackson,Graham Bennett,6131419275
Gibbs Inc,McDonald Inc,Toby Ali,2410439062
Atkins PLC,Cunningham LLC,Karl Walker,533175330
Ahmed-Russell,"Stewart, Jones and Welch",Emily Moore,5088003126
Hughes LLC,Willis Ltd,Joe Cole,689779025
"Powell, Collins and Edwards",Nelson Group,Sylvia Dyer,4454407554
Edwards Ltd,Bird-Mason,Julian Cole,6967151065
Singh-Wilkinson,"Bibi, Johnson and Griffiths",Adrian Wood,4349756698
Smith-Bennett,Harrison Ltd,Susan Bates,7907166284
"Sanderson, Reid and Rhodes",Russell-Myers,Jordan Cooper,970900761
Barnes-Green,Harris-Smith,Sara Collier,7633756510
"Stevenson, Clarke and Anderson",Morgan Group,Rhys Rogers,4896270726
"Slater, Burke and Andrews",Powell-Bond,Irene Campbell,7577763806
Wall-Edwards,Webster-Howarth,Mathew Ball,3737635633
Williams-Morton,"Green, Barlow and Hall",Joyce Bishop,9080086082
Young-Johnston,Campbell LLC,Stewart Schofield,8575959786
"Smith, Hudson and Butler",Hooper-Murray,Thomas Singh,2438389807
Harris-Wilkins,Miles-Chapman,Martyn Hall,1830349289
"Owen, Wilkinson and Rahman","Fletcher, James and Rice",Jasmine Foster,3064803955
Atkins and Sons,Parker-Tyler,Shane Gray,1963313044
"Wood, Carr and Parsons",Armstrong Group,Tom Andrews,7931110790
Smith Inc,"Watson, Phillips and Skinner",Amy Jones,9354610453
"John, Roberts and Smith",Lambert-White,Arthur Buckley,5471378144
Harding-Webb,Fisher-Cooper,Rita White,2566068449
Cooper and Sons,"Long, Nash and Hope",Nicole Curtis,3473549719
Smith-Norris,Hammond LLC,Elliot Brown,7944999614
Martin-Harrison,Pratt-Williams,Hilary Heath,6193516413
Fisher Inc,"Robinson, Hall and Ingram",Gareth Gordon,8763444382
Cartwright-Parkes,Kelly-Richardson,Amber Sullivan,8392466443
Cooper Inc,Read Group,Karen Webb,2219267161
Taylor-Morton,Nash PLC,Kelly Anderson,1459035487
"O'Donnell, Robinson and Lee",Parsons-Howe,Brett Brown,9532787777
"Johnson, Andrews and Matthews","Dodd, Haynes and Spencer",Scott Jennings,8978722864
Wood and Sons,Johnson PLC,Janet Holland,5123293320
Anderson-Gray,Miles-Lewis,Jane Nicholls,8445635462
King Group,Chamberlain-Smith,Peter Harris,4391776768
"Read, Austin and Robson",Nelson-Lane,Charles Woods,6003184480
Shaw-Manning,"Brown, Williams and Watkins",Connor Jennings,3367119244
Griffiths Ltd,"Hill, Hurst and Allen",Bethany Jones,5422160634
"Harrison, Stewart and Myers","Jones, Singh and Dunn",Nicola Dunn,8589299611
Fitzgerald-Brown,"Butler, Bowen and Brown",Jemma May,8958970588
Parry LLC,"James, Bradshaw and Taylor",Ruth Arnold,2703198301
Allan Group,"Smith, Williams and Wilson",Teresa Wilson,4972461243
Rose-Marshall,"Taylor, Wright and Jones",Holly White,1127284979
Barrett Inc,Wright-White,Janet Richardson,207195347
Thomas-Leach,Moore PLC,Stewart Wilson,812150705
Clark and Sons,Gibbs-John,Denise Gallagher,9207912926
"Elliott, Harris and Tucker","Harrison, Clements and Wells",Katie Mahmood,1218285288
Rhodes and Sons,Green PLC,Alex Nash,379283463
"Griffiths, Schofield and Fox","Williams, Patel and Fraser",Pamela Turner,8916112424
Green Ltd,"Berry, Turner and Shaw",Barry Thompson,7549374967
Day-Barker,Parker-Gregory,Simon Randall,2216744590
Smith and Sons,Bell and Sons,Shannon Roberts,7349458964
Ball LLC,"Clarke, Khan and Barnes",Donald Gray,5901139782
"Davis, Khan and Wall","Law, Chapman and Walker",Lydia Johnston,60883159
Powell Ltd,Butcher-Clarke,Elliot Johnson,4316840159
Price Ltd,Cooper-Smith,Brenda Smith,6926786483
Murphy-Walker,"Cunningham, Allen and Butler",Derek Gardiner,5975600999
Gray-Cooper,Smith Ltd,Aaron Reed,9987182517
Robson-Roberts,Watts-Gregory,Andrew Williams,4270362213
Leonard-Carr,"Davison, Roberts and Cross",Janet Smith,8577524897
Clarke PLC,"Lewis, Bowen and Cook",Valerie Thornton,4163815788
Stewart Inc,"Taylor, Thomas and Harrison",Howard Freeman,7634215208
Brown-Jones,Wright-Smith,Brett Ward,8576610974
Palmer-Kent,"Thomas, Knight and Young",Karen Wilson,290376845
Davis-Power,"Clarke, Palmer and Moran",Diana Akhtar,8763236840
Wheeler-Davis,Jones-Barnes,Holly Harrison,2661296559
"Dickinson, Ali and Taylor",Parker Group,Thomas Stephens,9401792183
Johnson Ltd,Williams-Butler,Lydia Johnson,9969300387
Graham-Lewis,Kelly and Sons,Carly Gill,7100490096
Dean PLC,"Woodward, Edwards and Gregory",Clifford Pugh,6862389928
Humphreys PLC,"Hill, Fitzgerald and Payne",Ricky Russell,8482534971
Adams Ltd,Watson-Miller,Simon Rees,1264883844
"Wilson, Bailey and Byrne","Wilson, Thompson and Banks",Guy Wade,2707284354
Jones-Simpson,Walker-Burton,Antony Richards,9369386937
Parkinson and Sons,"Patel, Greenwood and King",Eileen Evans,8323607365
"Webster, Bruce and Pearce",Sutton and Sons,Jake Murphy,4242036419
"Matthews, Wood and Mason",Power LLC,Gemma Newman,6358569176
"Brown, Pearce and Jones","Cameron, Dyer and Clark",Janet Williams,1686151016
Hill-Grant,"Brown, Griffiths and Howard",Samuel Garner,8968307948
Moore-Harrison,Bishop LLC,Marcus Russell,1901049032
"Rowley, Cooper and Cooper",Brown-Connor,Lindsey Lewis,4275395593
Roberts Inc,Curtis-Higgins,Jill Randall,1846126461
Andrews Inc,Singh Group,Andrea Khan,7255362454
Knight-Poole,Davies-Atkins,Victoria Taylor,9847630636
Miller LLC,"Harris, Young and King",Jill Hawkins,5183398465
Parsons-Lewis,Mason Ltd,Jonathan Talbot,6473836055
Davis-Green,"West, Simpson and Connor",Danielle Wilkins,2956072602
"Warren, Williams and Bond",Rowley LLC,Marilyn Berry,8310371208
"Ryan, Roberts and Jones",Hardy-Barton,Matthew Adams,2212087286
Harris-Nixon,Scott and Sons,Nicole Faulkner,8970540734
"Barber, Harrison and Brown",Walters LLC,Daniel Hayward,1935948600
"Flynn, Burton and Quinn",Hughes-Wright,Timothy Wilkinson,8192421157
"Daly, Higgins and Cox",Kelly-Norton,Ryan Cox,3911899491
Walton Ltd,Moran PLC,Albert Fleming,6639113789
"Green, Leonard and Perkins","Walker, Tyler and Patterson",Conor Chapman,6839846635
Gregory-Wade,Middleton-Rogers,Jack Simpson,57411704
Evans-Matthews,Jones Inc,Mark Andrews,7401699254
Rees PLC,"Adams, Ellis and Kelly",Bethan Pearson,5307416384
James Ltd,Field and Sons,Richard Carter,3145395449
Mistry Ltd,Jones-Brennan,Emma Knight,7588131654
Edwards-Bowen,Webster-Edwards,Geoffrey Lawrence,3571940654
Thompson Group,Curtis-Woodward,Derek Edwards,8714260142
Scott PLC,"Curtis, Dixon and Sullivan",Cheryl Griffiths,2448890478
Hill LLC,Carter Ltd,Rhys Russell,7634063121
Williams-Fowler,James Inc,Diane Morris,2074929950
Jackson PLC,Lewis and Sons,Clare Hussain,2258096738
"Taylor, Watkins and Griffiths",Richards Inc,Mark Kennedy,4681963867
Greenwood Ltd,Saunders-Ward,Maurice Graham,1868051751
Robinson-Clarke,Brennan and Sons,Jennifer Richards,9045898983
Rogers-Cartwright,Smith-Jones,Ashley Moss,2681801144
Parker PLC,"Bryan, Boyle and Lane",Lynne Johnson,3955244080
Clayton Ltd,Richards-Bell,Barbara Howard,9993221428
"Smith, Freeman and Chan","Walker, Watkins and Carter",Steven Butler,8047365851
"Higgins, Warner and Brown",Welch-Winter,Georgina Lewis,9015926784
Lynch Inc,Bates Inc,Amanda Woodward,2198460912
"Smith, Payne and Coleman",Singh PLC,Stacey Brooks,922555771
Wheeler LLC,"Webb, Myers and Wells",Thomas Clark,4784608142
"Cook, Butler and Ali",Davidson-O'Donnell,Gerard Harper,7029743569
Lowe-Williams,Ellis and Sons,Valerie Wilson,8787008974
Thomas and Sons,Gill-Evans,Leonard Hargreaves,9541775399
"Roberts, Cook and Taylor",Griffiths and Sons,Charles Ingram,2111085397
Perkins-Middleton,Ellis-Blackburn,Mohammad Cook,5913006150
Lawrence LLC,Hill-Robertson,Rachael Powell,8510155840
